{
    "name": "antenna04",
    "x_min": -1.862731862854071,
    "x_max": -1.8627318628518754,
    "y_min": -8.500251749807307e-13,
    "y_max": 9.91187364013451e-13,
    "max_iterations": 4000,
    "resolution": 1000
}
