{
    "name": "detailed01",
    "x_min": -1.4079032810654515,
    "x_max": -1.4079032800351596,
    "y_min": 0.13699919633473986,
    "y_max": 0.13699919742245767,
    "max_iterations": 20000,
    "resolution": 1000
}
