{
	"name": "fp_precision_limit",
	"x_min": -1.862731862852979,
	"x_max": -1.8627318628529443,
	"y_min": 4.805804283883479e-15,
	"y_max": 3.876445320845477e-14,
	"max_iterations": 50000,
	"resolution": 1000
}
