{
    "name": "medium01",
    "x_min": -1.2534391871589308,
    "x_max": -1.2512153909288082,
    "y_min": 0.01796846645854344,
    "y_max": 0.019707454031862012,
    "max_iterations": 10000,
    "resolution": 1000
}
