{
    "name": "slight01",
    "x_min": -1.3446792194689707,
    "x_max": -1.0150741223441364,
    "y_min": 0.1775187165066605,
    "y_max": 0.46057104543586647,
    "max_iterations": 250,
    "resolution": 1000
}
